020_spontaneous_smile_4_001.jpg,1
020_spontaneous_smile_4_002.jpg,1
020_spontaneous_smile_4_003.jpg,1
020_spontaneous_smile_4_004.jpg,1
020_spontaneous_smile_4_005.jpg,1
020_spontaneous_smile_4_006.jpg,1
020_spontaneous_smile_4_007.jpg,1
020_spontaneous_smile_4_008.jpg,1
020_spontaneous_smile_4_009.jpg,1
020_spontaneous_smile_4_010.jpg,1
020_spontaneous_smile_4_011.jpg,1
020_spontaneous_smile_4_012.jpg,1
020_spontaneous_smile_4_013.jpg,1
020_spontaneous_smile_4_014.jpg,1
020_spontaneous_smile_4_015.jpg,1
020_spontaneous_smile_4_016.jpg,1
020_spontaneous_smile_4_017.jpg,1
020_spontaneous_smile_4_018.jpg,1
020_spontaneous_smile_4_019.jpg,1
020_spontaneous_smile_4_020.jpg,2
020_spontaneous_smile_4_021.jpg,2
020_spontaneous_smile_4_022.jpg,2
020_spontaneous_smile_4_024.jpg,2
020_spontaneous_smile_4_025.jpg,2
020_spontaneous_smile_4_026.jpg,2
020_spontaneous_smile_4_027.jpg,2
020_spontaneous_smile_4_028.jpg,2
020_spontaneous_smile_4_029.jpg,2
020_spontaneous_smile_4_030.jpg,2
020_spontaneous_smile_4_031.jpg,2
020_spontaneous_smile_4_032.jpg,2
020_spontaneous_smile_4_033.jpg,2
020_spontaneous_smile_4_034.jpg,2
020_spontaneous_smile_4_035.jpg,2
020_spontaneous_smile_4_036.jpg,2
020_spontaneous_smile_4_037.jpg,3
020_spontaneous_smile_4_038.jpg,3
020_spontaneous_smile_4_039.jpg,3
020_spontaneous_smile_4_040.jpg,3
020_spontaneous_smile_4_041.jpg,3
020_spontaneous_smile_4_042.jpg,3
020_spontaneous_smile_4_043.jpg,3
020_spontaneous_smile_4_044.jpg,3
020_spontaneous_smile_4_045.jpg,3
020_spontaneous_smile_4_046.jpg,3
020_spontaneous_smile_4_047.jpg,3
020_spontaneous_smile_4_048.jpg,3
020_spontaneous_smile_4_049.jpg,3
020_spontaneous_smile_4_050.jpg,3
020_spontaneous_smile_4_051.jpg,3
020_spontaneous_smile_4_052.jpg,3
020_spontaneous_smile_4_053.jpg,3
020_spontaneous_smile_4_054.jpg,3
020_spontaneous_smile_4_055.jpg,3
020_spontaneous_smile_4_056.jpg,3
020_spontaneous_smile_4_057.jpg,3
020_spontaneous_smile_4_058.jpg,3
020_spontaneous_smile_4_059.jpg,3
020_spontaneous_smile_4_060.jpg,3
020_spontaneous_smile_4_061.jpg,3
020_spontaneous_smile_4_062.jpg,3
020_spontaneous_smile_4_063.jpg,3
020_spontaneous_smile_4_064.jpg,3
020_spontaneous_smile_4_065.jpg,3
020_spontaneous_smile_4_066.jpg,3
020_spontaneous_smile_4_067.jpg,3
020_spontaneous_smile_4_068.jpg,3
020_spontaneous_smile_4_069.jpg,4
020_spontaneous_smile_4_070.jpg,4
020_spontaneous_smile_4_071.jpg,4
020_spontaneous_smile_4_072.jpg,4
020_spontaneous_smile_4_073.jpg,4
020_spontaneous_smile_4_074.jpg,4
020_spontaneous_smile_4_075.jpg,4
020_spontaneous_smile_4_076.jpg,4
020_spontaneous_smile_4_077.jpg,4
020_spontaneous_smile_4_078.jpg,4
020_spontaneous_smile_4_079.jpg,4
020_spontaneous_smile_4_080.jpg,4
020_spontaneous_smile_4_081.jpg,4
020_spontaneous_smile_4_082.jpg,4
020_spontaneous_smile_4_083.jpg,4
020_spontaneous_smile_4_084.jpg,4
020_spontaneous_smile_4_085.jpg,4
020_spontaneous_smile_4_086.jpg,4
020_spontaneous_smile_4_087.jpg,4
020_spontaneous_smile_4_088.jpg,4
020_spontaneous_smile_4_089.jpg,4
020_spontaneous_smile_4_090.jpg,4
020_spontaneous_smile_4_091.jpg,4
020_spontaneous_smile_4_092.jpg,4
020_spontaneous_smile_4_093.jpg,4
020_spontaneous_smile_4_094.jpg,4
020_spontaneous_smile_4_095.jpg,4
020_spontaneous_smile_4_096.jpg,4
020_spontaneous_smile_4_097.jpg,4
020_spontaneous_smile_4_098.jpg,4
020_spontaneous_smile_4_099.jpg,4
020_spontaneous_smile_4_100.jpg,4
020_spontaneous_smile_4_101.jpg,4
020_spontaneous_smile_4_102.jpg,4
020_spontaneous_smile_4_103.jpg,4
020_spontaneous_smile_4_104.jpg,4
020_spontaneous_smile_4_105.jpg,4
020_spontaneous_smile_4_106.jpg,4
020_spontaneous_smile_4_107.jpg,4
020_spontaneous_smile_4_108.jpg,4
020_spontaneous_smile_4_109.jpg,4
020_spontaneous_smile_4_110.jpg,4
020_spontaneous_smile_4_111.jpg,4
020_spontaneous_smile_4_112.jpg,4
020_spontaneous_smile_4_113.jpg,4
020_spontaneous_smile_4_114.jpg,4
020_spontaneous_smile_4_115.jpg,4
020_spontaneous_smile_4_116.jpg,4
020_spontaneous_smile_4_117.jpg,4
020_spontaneous_smile_4_118.jpg,4
020_spontaneous_smile_4_119.jpg,4
020_spontaneous_smile_4_120.jpg,4
020_spontaneous_smile_4_121.jpg,4
020_spontaneous_smile_4_122.jpg,4
020_spontaneous_smile_4_123.jpg,4
020_spontaneous_smile_4_124.jpg,4
020_spontaneous_smile_4_125.jpg,4
020_spontaneous_smile_4_126.jpg,4
020_spontaneous_smile_4_127.jpg,4
020_spontaneous_smile_4_128.jpg,4
020_spontaneous_smile_4_129.jpg,4
020_spontaneous_smile_4_130.jpg,4
020_spontaneous_smile_4_131.jpg,4
020_spontaneous_smile_4_132.jpg,4
020_spontaneous_smile_4_133.jpg,4
020_spontaneous_smile_4_134.jpg,4
020_spontaneous_smile_4_135.jpg,4
020_spontaneous_smile_4_136.jpg,4
020_spontaneous_smile_4_137.jpg,4
020_spontaneous_smile_4_138.jpg,4
020_spontaneous_smile_4_139.jpg,4
020_spontaneous_smile_4_140.jpg,4
020_spontaneous_smile_4_141.jpg,4
020_spontaneous_smile_4_142.jpg,4
020_spontaneous_smile_4_143.jpg,4
020_spontaneous_smile_4_144.jpg,4
020_spontaneous_smile_4_145.jpg,4
020_spontaneous_smile_4_146.jpg,4
020_spontaneous_smile_4_147.jpg,4
020_spontaneous_smile_4_148.jpg,4
020_spontaneous_smile_4_149.jpg,4
020_spontaneous_smile_4_150.jpg,4
020_spontaneous_smile_4_151.jpg,4
020_spontaneous_smile_4_152.jpg,4
020_spontaneous_smile_4_153.jpg,4
020_spontaneous_smile_4_154.jpg,4
020_spontaneous_smile_4_155.jpg,4
020_spontaneous_smile_4_156.jpg,4
020_spontaneous_smile_4_157.jpg,4
020_spontaneous_smile_4_158.jpg,4
020_spontaneous_smile_4_159.jpg,4
020_spontaneous_smile_4_160.jpg,4
020_spontaneous_smile_4_161.jpg,4
020_spontaneous_smile_4_162.jpg,4
020_spontaneous_smile_4_163.jpg,4
020_spontaneous_smile_4_164.jpg,4
020_spontaneous_smile_4_165.jpg,4
020_spontaneous_smile_4_166.jpg,4
020_spontaneous_smile_4_167.jpg,4
020_spontaneous_smile_4_168.jpg,4
020_spontaneous_smile_4_169.jpg,4
020_spontaneous_smile_4_170.jpg,4
020_spontaneous_smile_4_171.jpg,4
020_spontaneous_smile_4_172.jpg,4
020_spontaneous_smile_4_173.jpg,4
020_spontaneous_smile_4_174.jpg,4
020_spontaneous_smile_4_175.jpg,4
020_spontaneous_smile_4_176.jpg,4
020_spontaneous_smile_4_177.jpg,4
020_spontaneous_smile_4_178.jpg,4
020_spontaneous_smile_4_179.jpg,4
020_spontaneous_smile_4_180.jpg,4
020_spontaneous_smile_4_181.jpg,4
020_spontaneous_smile_4_182.jpg,4
020_spontaneous_smile_4_183.jpg,4
020_spontaneous_smile_4_184.jpg,4
020_spontaneous_smile_4_185.jpg,4
020_spontaneous_smile_4_186.jpg,4
020_spontaneous_smile_4_187.jpg,4
020_spontaneous_smile_4_188.jpg,4
020_spontaneous_smile_4_189.jpg,4
020_spontaneous_smile_4_190.jpg,4
020_spontaneous_smile_4_191.jpg,4
020_spontaneous_smile_4_192.jpg,4
020_spontaneous_smile_4_193.jpg,4
020_spontaneous_smile_4_194.jpg,4
020_spontaneous_smile_4_195.jpg,4
020_spontaneous_smile_4_196.jpg,4
020_spontaneous_smile_4_197.jpg,4
020_spontaneous_smile_4_198.jpg,4
020_spontaneous_smile_4_199.jpg,4
020_spontaneous_smile_4_200.jpg,4
020_spontaneous_smile_4_201.jpg,4
020_spontaneous_smile_4_202.jpg,4
020_spontaneous_smile_4_203.jpg,4
020_spontaneous_smile_4_204.jpg,4
020_spontaneous_smile_4_205.jpg,4
020_spontaneous_smile_4_206.jpg,4
020_spontaneous_smile_4_207.jpg,4
020_spontaneous_smile_4_208.jpg,4
020_spontaneous_smile_4_209.jpg,4
020_spontaneous_smile_4_210.jpg,4
020_spontaneous_smile_4_211.jpg,4
020_spontaneous_smile_4_212.jpg,4
020_spontaneous_smile_4_213.jpg,4
020_spontaneous_smile_4_214.jpg,4
020_spontaneous_smile_4_215.jpg,4
020_spontaneous_smile_4_216.jpg,4
020_spontaneous_smile_4_217.jpg,4
020_spontaneous_smile_4_218.jpg,4
020_spontaneous_smile_4_219.jpg,4
020_spontaneous_smile_4_220.jpg,4
020_spontaneous_smile_4_221.jpg,4
020_spontaneous_smile_4_222.jpg,4
020_spontaneous_smile_4_223.jpg,4
020_spontaneous_smile_4_224.jpg,4
020_spontaneous_smile_4_225.jpg,4
020_spontaneous_smile_4_226.jpg,4
020_spontaneous_smile_4_227.jpg,4
020_spontaneous_smile_4_228.jpg,4
020_spontaneous_smile_4_229.jpg,4
020_spontaneous_smile_4_230.jpg,4
020_spontaneous_smile_4_232.jpg,4
020_spontaneous_smile_4_233.jpg,4
020_spontaneous_smile_4_234.jpg,4
020_spontaneous_smile_4_235.jpg,4
020_spontaneous_smile_4_236.jpg,4
020_spontaneous_smile_4_237.jpg,4
020_spontaneous_smile_4_238.jpg,4
020_spontaneous_smile_4_239.jpg,4
020_spontaneous_smile_4_240.jpg,4
020_spontaneous_smile_4_241.jpg,4
020_spontaneous_smile_4_242.jpg,4
020_spontaneous_smile_4_243.jpg,4
020_spontaneous_smile_4_244.jpg,3
020_spontaneous_smile_4_245.jpg,3
020_spontaneous_smile_4_246.jpg,3
020_spontaneous_smile_4_247.jpg,3
020_spontaneous_smile_4_248.jpg,3
020_spontaneous_smile_4_249.jpg,3
020_spontaneous_smile_4_250.jpg,3
020_spontaneous_smile_4_251.jpg,3
020_spontaneous_smile_4_252.jpg,3
020_spontaneous_smile_4_253.jpg,3
020_spontaneous_smile_4_254.jpg,2
020_spontaneous_smile_4_255.jpg,2
020_spontaneous_smile_4_256.jpg,2
020_spontaneous_smile_4_257.jpg,2
020_spontaneous_smile_4_258.jpg,2
020_spontaneous_smile_4_259.jpg,2
020_spontaneous_smile_4_260.jpg,2
020_spontaneous_smile_4_261.jpg,2
020_spontaneous_smile_4_262.jpg,2
020_spontaneous_smile_4_263.jpg,2
020_spontaneous_smile_4_264.jpg,2
020_spontaneous_smile_4_265.jpg,2
020_spontaneous_smile_4_266.jpg,2
020_spontaneous_smile_4_267.jpg,2
020_spontaneous_smile_4_268.jpg,2
020_spontaneous_smile_4_269.jpg,2
020_spontaneous_smile_4_270.jpg,2
020_spontaneous_smile_4_271.jpg,2
020_spontaneous_smile_4_272.jpg,2
