"019_spontaneous_smile_1_161.jpg","4"
"019_spontaneous_smile_1_008.jpg","1"
"019_spontaneous_smile_1_185.jpg","2"
"019_spontaneous_smile_1_127.jpg","3"
"019_spontaneous_smile_1_160.jpg","4"
"019_spontaneous_smile_1_078.jpg","3"
"019_spontaneous_smile_1_063.jpg","3"
"019_spontaneous_smile_1_120.jpg","3"
"019_spontaneous_smile_1_101.jpg","3"
"019_spontaneous_smile_1_033.jpg","3"
"019_spontaneous_smile_1_187.jpg","2"
"019_spontaneous_smile_1_100.jpg","3"
"019_spontaneous_smile_1_200.jpg","1"
"019_spontaneous_smile_1_173.jpg","4"
"019_spontaneous_smile_1_099.jpg","3"
"019_spontaneous_smile_1_105.jpg","3"
"019_spontaneous_smile_1_065.jpg","3"
"019_spontaneous_smile_1_154.jpg","4"
"019_spontaneous_smile_1_139.jpg","4"
"019_spontaneous_smile_1_073.jpg","3"
"019_spontaneous_smile_1_044.jpg","3"
"019_spontaneous_smile_1_024.jpg","2"
"019_spontaneous_smile_1_049.jpg","3"
"019_spontaneous_smile_1_031.jpg","3"
"019_spontaneous_smile_1_203.jpg","1"
"019_spontaneous_smile_1_150.jpg","4"
"019_spontaneous_smile_1_199.jpg","1"
"019_spontaneous_smile_1_149.jpg","4"
"019_spontaneous_smile_1_206.jpg","1"
"019_spontaneous_smile_1_079.jpg","3"
"019_spontaneous_smile_1_186.jpg","1"
"019_spontaneous_smile_1_129.jpg","3"
"019_spontaneous_smile_1_082.jpg","3"
"019_spontaneous_smile_1_212.jpg","1"
"019_spontaneous_smile_1_106.jpg","3"
"019_spontaneous_smile_1_205.jpg","1"
"019_spontaneous_smile_1_019.jpg","2"
"019_spontaneous_smile_1_169.jpg","4"
"019_spontaneous_smile_1_059.jpg","3"
"019_spontaneous_smile_1_115.jpg","3"
"019_spontaneous_smile_1_190.jpg","1"
"019_spontaneous_smile_1_202.jpg","1"
"019_spontaneous_smile_1_035.jpg","3"
"019_spontaneous_smile_1_128.jpg","3"
"019_spontaneous_smile_1_166.jpg","4"
"019_spontaneous_smile_1_006.jpg","1"
"019_spontaneous_smile_1_018.jpg","2"
"019_spontaneous_smile_1_021.jpg","2"
"019_spontaneous_smile_1_074.jpg","3"
"019_spontaneous_smile_1_066.jpg","3"
"019_spontaneous_smile_1_069.jpg","3"
"019_spontaneous_smile_1_178.jpg","2"
"019_spontaneous_smile_1_123.jpg","3"
"019_spontaneous_smile_1_179.jpg","2"
"019_spontaneous_smile_1_084.jpg","3"
"019_spontaneous_smile_1_143.jpg","4"
"019_spontaneous_smile_1_039.jpg","3"
"019_spontaneous_smile_1_184.jpg","2"
"019_spontaneous_smile_1_208.jpg","1"
"019_spontaneous_smile_1_151.jpg","4"
"019_spontaneous_smile_1_027.jpg","2"
"019_spontaneous_smile_1_003.jpg","1"
"019_spontaneous_smile_1_001.jpg","1"
"019_spontaneous_smile_1_110.jpg","3"
"019_spontaneous_smile_1_177.jpg","4"
"019_spontaneous_smile_1_176.jpg","4"
"019_spontaneous_smile_1_168.jpg","4"
"019_spontaneous_smile_1_162.jpg","4"
"019_spontaneous_smile_1_098.jpg","3"
"019_spontaneous_smile_1_067.jpg","3"
"019_spontaneous_smile_1_036.jpg","3"
"019_spontaneous_smile_1_022.jpg","2"
"019_spontaneous_smile_1_211.jpg","1"
"019_spontaneous_smile_1_180.jpg","2"
"019_spontaneous_smile_1_175.jpg","4"
"019_spontaneous_smile_1_133.jpg","4"
"019_spontaneous_smile_1_093.jpg","3"
"019_spontaneous_smile_1_130.jpg","4"
"019_spontaneous_smile_1_091.jpg","3"
"019_spontaneous_smile_1_061.jpg","3"
"019_spontaneous_smile_1_087.jpg","3"
"019_spontaneous_smile_1_140.jpg","4"
"019_spontaneous_smile_1_197.jpg","1"
"019_spontaneous_smile_1_015.jpg","2"
"019_spontaneous_smile_1_183.jpg","2"
"019_spontaneous_smile_1_158.jpg","4"
"019_spontaneous_smile_1_142.jpg","4"
"019_spontaneous_smile_1_056.jpg","3"
"019_spontaneous_smile_1_118.jpg","3"
"019_spontaneous_smile_1_138.jpg","4"
"019_spontaneous_smile_1_095.jpg","3"
"019_spontaneous_smile_1_107.jpg","3"
"019_spontaneous_smile_1_010.jpg","1"
"019_spontaneous_smile_1_122.jpg","3"
"019_spontaneous_smile_1_090.jpg","3"
"019_spontaneous_smile_1_009.jpg","1"
"019_spontaneous_smile_1_048.jpg","3"
"019_spontaneous_smile_1_103.jpg","3"
"019_spontaneous_smile_1_085.jpg","3"
"019_spontaneous_smile_1_080.jpg","3"
"019_spontaneous_smile_1_132.jpg","4"
"019_spontaneous_smile_1_192.jpg","1"
"019_spontaneous_smile_1_116.jpg","3"
"019_spontaneous_smile_1_201.jpg","1"
"019_spontaneous_smile_1_029.jpg","2"
"019_spontaneous_smile_1_109.jpg","3"
"019_spontaneous_smile_1_043.jpg","3"
"019_spontaneous_smile_1_188.jpg","2"
"019_spontaneous_smile_1_193.jpg","1"
"019_spontaneous_smile_1_096.jpg","3"
"019_spontaneous_smile_1_077.jpg","3"
"019_spontaneous_smile_1_131.jpg","4"
"019_spontaneous_smile_1_156.jpg","4"
"019_spontaneous_smile_1_038.jpg","3"
"019_spontaneous_smile_1_016.jpg","2"
"019_spontaneous_smile_1_104.jpg","3"
"019_spontaneous_smile_1_062.jpg","3"
"019_spontaneous_smile_1_210.jpg","1"
"019_spontaneous_smile_1_055.jpg","3"
"019_spontaneous_smile_1_198.jpg","1"
"019_spontaneous_smile_1_111.jpg","3"
"019_spontaneous_smile_1_092.jpg","3"
"019_spontaneous_smile_1_125.jpg","3"
"019_spontaneous_smile_1_052.jpg","3"
"019_spontaneous_smile_1_028.jpg","2"
"019_spontaneous_smile_1_072.jpg","3"
"019_spontaneous_smile_1_148.jpg","4"
"019_spontaneous_smile_1_209.jpg","1"
"019_spontaneous_smile_1_163.jpg","4"
"019_spontaneous_smile_1_114.jpg","3"
"019_spontaneous_smile_1_081.jpg","3"
"019_spontaneous_smile_1_146.jpg","4"
"019_spontaneous_smile_1_102.jpg","3"
"019_spontaneous_smile_1_050.jpg","3"
"019_spontaneous_smile_1_060.jpg","3"
"019_spontaneous_smile_1_157.jpg","4"
"019_spontaneous_smile_1_030.jpg","3"
"019_spontaneous_smile_1_047.jpg","3"
"019_spontaneous_smile_1_167.jpg","4"
"019_spontaneous_smile_1_012.jpg","2"
"019_spontaneous_smile_1_113.jpg","3"
"019_spontaneous_smile_1_147.jpg","4"
"019_spontaneous_smile_1_145.jpg","4"
"019_spontaneous_smile_1_134.jpg","4"
"019_spontaneous_smile_1_094.jpg","3"
"019_spontaneous_smile_1_058.jpg","3"
"019_spontaneous_smile_1_017.jpg","2"
"019_spontaneous_smile_1_108.jpg","3"
"019_spontaneous_smile_1_014.jpg","2"
"019_spontaneous_smile_1_046.jpg","3"
"019_spontaneous_smile_1_152.jpg","4"
"019_spontaneous_smile_1_141.jpg","4"
"019_spontaneous_smile_1_053.jpg","3"
"019_spontaneous_smile_1_170.jpg","4"
"019_spontaneous_smile_1_071.jpg","3"
"019_spontaneous_smile_1_155.jpg","4"
"019_spontaneous_smile_1_042.jpg","3"
"019_spontaneous_smile_1_011.jpg","1"
"019_spontaneous_smile_1_159.jpg","4"
"019_spontaneous_smile_1_172.jpg","4"
"019_spontaneous_smile_1_034.jpg","3"
"019_spontaneous_smile_1_064.jpg","3"
"019_spontaneous_smile_1_119.jpg","3"
"019_spontaneous_smile_1_089.jpg","3"
"019_spontaneous_smile_1_051.jpg","3"
"019_spontaneous_smile_1_013.jpg","2"
"019_spontaneous_smile_1_144.jpg","4"
"019_spontaneous_smile_1_037.jpg","3"
"019_spontaneous_smile_1_112.jpg","3"
"019_spontaneous_smile_1_126.jpg","3"
"019_spontaneous_smile_1_075.jpg","3"
"019_spontaneous_smile_1_023.jpg","2"
"019_spontaneous_smile_1_097.jpg","3"
"019_spontaneous_smile_1_086.jpg","3"
"019_spontaneous_smile_1_181.jpg","2"
"019_spontaneous_smile_1_174.jpg","4"
"019_spontaneous_smile_1_007.jpg","1"
"019_spontaneous_smile_1_121.jpg","3"
"019_spontaneous_smile_1_196.jpg","1"
"019_spontaneous_smile_1_083.jpg","3"
"019_spontaneous_smile_1_054.jpg","3"
"019_spontaneous_smile_1_076.jpg","3"
"019_spontaneous_smile_1_124.jpg","3"
"019_spontaneous_smile_1_032.jpg","3"
"019_spontaneous_smile_1_135.jpg","4"
"019_spontaneous_smile_1_045.jpg","3"
"019_spontaneous_smile_1_004.jpg","1"
"019_spontaneous_smile_1_088.jpg","3"
"019_spontaneous_smile_1_040.jpg","3"
"019_spontaneous_smile_1_153.jpg","4"
"019_spontaneous_smile_1_026.jpg","2"
"019_spontaneous_smile_1_207.jpg","1"
"019_spontaneous_smile_1_041.jpg","3"
"019_spontaneous_smile_1_204.jpg","1"
"019_spontaneous_smile_1_164.jpg","4"
"019_spontaneous_smile_1_068.jpg","3"
"019_spontaneous_smile_1_191.jpg","1"
"019_spontaneous_smile_1_025.jpg","2"
"019_spontaneous_smile_1_195.jpg","1"
"019_spontaneous_smile_1_057.jpg","3"
"019_spontaneous_smile_1_194.jpg","1"
"019_spontaneous_smile_1_182.jpg","2"
"019_spontaneous_smile_1_189.jpg","2"
"019_spontaneous_smile_1_165.jpg","4"
"019_spontaneous_smile_1_137.jpg","4"
"019_spontaneous_smile_1_070.jpg","3"
"019_spontaneous_smile_1_117.jpg","3"
"019_spontaneous_smile_1_002.jpg","1"
"019_spontaneous_smile_1_020.jpg","2"
"019_spontaneous_smile_1_005.jpg","1"
"019_spontaneous_smile_1_171.jpg","4"
